city,district_id,target_month,source_report_month,one_room_asking_rent_eur_month,price_basis,source,source_url,extraction_note,table_class
Vilnius,1,2025-01,2026-01,457,asking_offer,Aruodas.lt tendencies,https://m.aruodas.lt/tendencijos/?district_id=1&month=2026-01&tab_type=nuoma,hidden previous-year comparison column in 2026 same-month report,flatsTable mt-30 hideDiff obj_4
Vilnius,1,2025-02,2026-02,451,asking_offer,Aruodas.lt tendencies,https://m.aruodas.lt/tendencijos/?district_id=1&month=2026-02&tab_type=nuoma,hidden previous-year comparison column in 2026 same-month report,flatsTable mt-30 hideDiff obj_4
Vilnius,1,2025-03,2026-03,443,asking_offer,Aruodas.lt tendencies,https://m.aruodas.lt/tendencijos/?district_id=1&month=2026-03&tab_type=nuoma,hidden previous-year comparison column in 2026 same-month report,flatsTable mt-30 hideDiff obj_4
Vilnius,1,2025-04,2026-04,450,asking_offer,Aruodas.lt tendencies,https://m.aruodas.lt/tendencijos/?district_id=1&month=2026-04&tab_type=nuoma,hidden previous-year comparison column in 2026 same-month report,flatsTable mt-30 hideDiff obj_4
Vilnius,1,2025-05,2026-05,452,asking_offer,Aruodas.lt tendencies,https://m.aruodas.lt/tendencijos/?district_id=1&month=2026-05&tab_type=nuoma,hidden previous-year comparison column in 2026 same-month report,flatsTable mt-30 hideDiff obj_4
Vilnius,1,2025-06,2026-06,466,asking_offer,Aruodas.lt tendencies,https://m.aruodas.lt/tendencijos/?district_id=1&month=2026-06&tab_type=nuoma,hidden previous-year comparison column in 2026 same-month report,flatsTable mt-30 hideDiff obj_4
Vilnius,1,2025-07,2026-07,469,asking_offer,Aruodas.lt tendencies,https://m.aruodas.lt/tendencijos/?district_id=1&month=2026-07&tab_type=nuoma,hidden previous-year comparison column in 2026 same-month report,flatsTable mt-30 hideDiff obj_4
Vilnius,1,2025-08,2026-08,520,asking_offer,Aruodas.lt tendencies,https://m.aruodas.lt/tendencijos/?district_id=1&month=2026-08&tab_type=nuoma,hidden previous-year comparison column in 2026 same-month report,flatsTable mt-30 hideDiff obj_4
Vilnius,1,2025-09,2026-09,468,asking_offer,Aruodas.lt tendencies,https://m.aruodas.lt/tendencijos/?district_id=1&month=2026-09&tab_type=nuoma,hidden previous-year comparison column in 2026 same-month report,flatsTable mt-30 hideDiff obj_4
Vilnius,1,2025-10,2025-10,486,asking_offer,Aruodas.lt tendencies,https://m.aruodas.lt/tendencijos/?district_id=1&month=2025-10&tab_type=nuoma,current column in direct 2025 archived report,flatsTable mt-30 hideDiff obj_4
Vilnius,1,2025-11,2025-11,479,asking_offer,Aruodas.lt tendencies,https://m.aruodas.lt/tendencijos/?district_id=1&month=2025-11&tab_type=nuoma,current column in direct 2025 archived report,flatsTable mt-30 hideDiff obj_4
Vilnius,1,2025-12,2025-12,484,asking_offer,Aruodas.lt tendencies,https://m.aruodas.lt/tendencijos/?district_id=1&month=2025-12&tab_type=nuoma,current column in direct 2025 archived report,flatsTable mt-30 hideDiff obj_4
Kaunas,6,2025-01,2026-01,361,asking_offer,Aruodas.lt tendencies,https://m.aruodas.lt/tendencijos/?district_id=6&month=2026-01&tab_type=nuoma,hidden previous-year comparison column in 2026 same-month report,flatsTable mt-30 hideDiff obj_4
Kaunas,6,2025-02,2026-02,368,asking_offer,Aruodas.lt tendencies,https://m.aruodas.lt/tendencijos/?district_id=6&month=2026-02&tab_type=nuoma,hidden previous-year comparison column in 2026 same-month report,flatsTable mt-30 hideDiff obj_4
Kaunas,6,2025-03,2026-03,364,asking_offer,Aruodas.lt tendencies,https://m.aruodas.lt/tendencijos/?district_id=6&month=2026-03&tab_type=nuoma,hidden previous-year comparison column in 2026 same-month report,flatsTable mt-30 hideDiff obj_4
Kaunas,6,2025-04,2026-04,376,asking_offer,Aruodas.lt tendencies,https://m.aruodas.lt/tendencijos/?district_id=6&month=2026-04&tab_type=nuoma,hidden previous-year comparison column in 2026 same-month report,flatsTable mt-30 hideDiff obj_4
Kaunas,6,2025-05,2026-05,379,asking_offer,Aruodas.lt tendencies,https://m.aruodas.lt/tendencijos/?district_id=6&month=2026-05&tab_type=nuoma,hidden previous-year comparison column in 2026 same-month report,flatsTable mt-30 hideDiff obj_4
Kaunas,6,2025-06,2026-06,395,asking_offer,Aruodas.lt tendencies,https://m.aruodas.lt/tendencijos/?district_id=6&month=2026-06&tab_type=nuoma,hidden previous-year comparison column in 2026 same-month report,flatsTable mt-30 hideDiff obj_4
Kaunas,6,2025-07,2026-07,399,asking_offer,Aruodas.lt tendencies,https://m.aruodas.lt/tendencijos/?district_id=6&month=2026-07&tab_type=nuoma,hidden previous-year comparison column in 2026 same-month report,flatsTable mt-30 hideDiff obj_4
Kaunas,6,2025-08,2026-08,402,asking_offer,Aruodas.lt tendencies,https://m.aruodas.lt/tendencijos/?district_id=6&month=2026-08&tab_type=nuoma,hidden previous-year comparison column in 2026 same-month report,flatsTable mt-30 hideDiff obj_4
Kaunas,6,2025-09,2026-09,385,asking_offer,Aruodas.lt tendencies,https://m.aruodas.lt/tendencijos/?district_id=6&month=2026-09&tab_type=nuoma,hidden previous-year comparison column in 2026 same-month report,flatsTable mt-30 hideDiff obj_4
Kaunas,6,2025-10,2025-10,403,asking_offer,Aruodas.lt tendencies,https://m.aruodas.lt/tendencijos/?district_id=6&month=2025-10&tab_type=nuoma,current column in direct 2025 archived report,flatsTable mt-30 hideDiff obj_4
Kaunas,6,2025-11,2025-11,394,asking_offer,Aruodas.lt tendencies,https://m.aruodas.lt/tendencijos/?district_id=6&month=2025-11&tab_type=nuoma,current column in direct 2025 archived report,flatsTable mt-30 hideDiff obj_4
Kaunas,6,2025-12,2025-12,379,asking_offer,Aruodas.lt tendencies,https://m.aruodas.lt/tendencijos/?district_id=6&month=2025-12&tab_type=nuoma,current column in direct 2025 archived report,flatsTable mt-30 hideDiff obj_4
Klaipėda,7,2025-01,2026-01,345,asking_offer,Aruodas.lt tendencies,https://m.aruodas.lt/tendencijos/?district_id=7&month=2026-01&tab_type=nuoma,hidden previous-year comparison column in 2026 same-month report,flatsTable mt-30 hideDiff obj_4
Klaipėda,7,2025-02,2026-02,365,asking_offer,Aruodas.lt tendencies,https://m.aruodas.lt/tendencijos/?district_id=7&month=2026-02&tab_type=nuoma,hidden previous-year comparison column in 2026 same-month report,flatsTable mt-30 hideDiff obj_4
Klaipėda,7,2025-03,2026-03,344,asking_offer,Aruodas.lt tendencies,https://m.aruodas.lt/tendencijos/?district_id=7&month=2026-03&tab_type=nuoma,hidden previous-year comparison column in 2026 same-month report,flatsTable mt-30 hideDiff obj_4
Klaipėda,7,2025-04,2026-04,343,asking_offer,Aruodas.lt tendencies,https://m.aruodas.lt/tendencijos/?district_id=7&month=2026-04&tab_type=nuoma,hidden previous-year comparison column in 2026 same-month report,flatsTable mt-30 hideDiff obj_4
Klaipėda,7,2025-05,2026-05,380,asking_offer,Aruodas.lt tendencies,https://m.aruodas.lt/tendencijos/?district_id=7&month=2026-05&tab_type=nuoma,hidden previous-year comparison column in 2026 same-month report,flatsTable mt-30 hideDiff obj_4
Klaipėda,7,2025-06,2026-06,411,asking_offer,Aruodas.lt tendencies,https://m.aruodas.lt/tendencijos/?district_id=7&month=2026-06&tab_type=nuoma,hidden previous-year comparison column in 2026 same-month report,flatsTable mt-30 hideDiff obj_4
Klaipėda,7,2025-07,2026-07,402,asking_offer,Aruodas.lt tendencies,https://m.aruodas.lt/tendencijos/?district_id=7&month=2026-07&tab_type=nuoma,hidden previous-year comparison column in 2026 same-month report,flatsTable mt-30 hideDiff obj_4
Klaipėda,7,2025-08,2026-08,391,asking_offer,Aruodas.lt tendencies,https://m.aruodas.lt/tendencijos/?district_id=7&month=2026-08&tab_type=nuoma,hidden previous-year comparison column in 2026 same-month report,flatsTable mt-30 hideDiff obj_4
Klaipėda,7,2025-09,2026-09,379,asking_offer,Aruodas.lt tendencies,https://m.aruodas.lt/tendencijos/?district_id=7&month=2026-09&tab_type=nuoma,hidden previous-year comparison column in 2026 same-month report,flatsTable mt-30 hideDiff obj_4
Klaipėda,7,2025-10,2025-10,364,asking_offer,Aruodas.lt tendencies,https://m.aruodas.lt/tendencijos/?district_id=7&month=2025-10&tab_type=nuoma,current column in direct 2025 archived report,flatsTable mt-30 hideDiff obj_4
Klaipėda,7,2025-11,2025-11,365,asking_offer,Aruodas.lt tendencies,https://m.aruodas.lt/tendencijos/?district_id=7&month=2025-11&tab_type=nuoma,current column in direct 2025 archived report,flatsTable mt-30 hideDiff obj_4
Klaipėda,7,2025-12,2025-12,371,asking_offer,Aruodas.lt tendencies,https://m.aruodas.lt/tendencijos/?district_id=7&month=2025-12&tab_type=nuoma,current column in direct 2025 archived report,flatsTable mt-30 hideDiff obj_4
