city,district_id,month,one_room_asking_rent_eur_month,prior_year_same_month_one_room_eur_month,price_basis,source,source_url
Vilnius,1,2025-01,122404,115049,asking_offer,Aruodas.lt,https://m.aruodas.lt/tendencijos/?district_id=1&month=2025-01&tab_type=nuoma
Vilnius,1,2025-02,122404,115049,asking_offer,Aruodas.lt,https://m.aruodas.lt/tendencijos/?district_id=1&month=2025-02&tab_type=nuoma
Vilnius,1,2025-03,122404,115049,asking_offer,Aruodas.lt,https://m.aruodas.lt/tendencijos/?district_id=1&month=2025-03&tab_type=nuoma
Vilnius,1,2025-04,122404,115049,asking_offer,Aruodas.lt,https://m.aruodas.lt/tendencijos/?district_id=1&month=2025-04&tab_type=nuoma
Vilnius,1,2025-05,122404,115049,asking_offer,Aruodas.lt,https://m.aruodas.lt/tendencijos/?district_id=1&month=2025-05&tab_type=nuoma
Vilnius,1,2025-06,122404,115049,asking_offer,Aruodas.lt,https://m.aruodas.lt/tendencijos/?district_id=1&month=2025-06&tab_type=nuoma
Vilnius,1,2025-07,122404,115049,asking_offer,Aruodas.lt,https://m.aruodas.lt/tendencijos/?district_id=1&month=2025-07&tab_type=nuoma
Vilnius,1,2025-08,122404,115049,asking_offer,Aruodas.lt,https://m.aruodas.lt/tendencijos/?district_id=1&month=2025-08&tab_type=nuoma
Vilnius,1,2025-09,122404,115049,asking_offer,Aruodas.lt,https://m.aruodas.lt/tendencijos/?district_id=1&month=2025-09&tab_type=nuoma
Vilnius,1,2025-10,709,486,asking_offer,Aruodas.lt,https://m.aruodas.lt/tendencijos/?district_id=1&month=2025-10&tab_type=nuoma
Vilnius,1,2025-11,707,479,asking_offer,Aruodas.lt,https://m.aruodas.lt/tendencijos/?district_id=1&month=2025-11&tab_type=nuoma
Vilnius,1,2025-12,724,484,asking_offer,Aruodas.lt,https://m.aruodas.lt/tendencijos/?district_id=1&month=2025-12&tab_type=nuoma
Kaunas,6,2025-01,122404,115049,asking_offer,Aruodas.lt,https://m.aruodas.lt/tendencijos/?district_id=6&month=2025-01&tab_type=nuoma
Kaunas,6,2025-02,122404,115049,asking_offer,Aruodas.lt,https://m.aruodas.lt/tendencijos/?district_id=6&month=2025-02&tab_type=nuoma
Kaunas,6,2025-03,122404,115049,asking_offer,Aruodas.lt,https://m.aruodas.lt/tendencijos/?district_id=6&month=2025-03&tab_type=nuoma
Kaunas,6,2025-04,122404,115049,asking_offer,Aruodas.lt,https://m.aruodas.lt/tendencijos/?district_id=6&month=2025-04&tab_type=nuoma
Kaunas,6,2025-05,122404,115049,asking_offer,Aruodas.lt,https://m.aruodas.lt/tendencijos/?district_id=6&month=2025-05&tab_type=nuoma
Kaunas,6,2025-06,122404,115049,asking_offer,Aruodas.lt,https://m.aruodas.lt/tendencijos/?district_id=6&month=2025-06&tab_type=nuoma
Kaunas,6,2025-07,122404,115049,asking_offer,Aruodas.lt,https://m.aruodas.lt/tendencijos/?district_id=6&month=2025-07&tab_type=nuoma
Kaunas,6,2025-08,122404,115049,asking_offer,Aruodas.lt,https://m.aruodas.lt/tendencijos/?district_id=6&month=2025-08&tab_type=nuoma
Kaunas,6,2025-09,122404,115049,asking_offer,Aruodas.lt,https://m.aruodas.lt/tendencijos/?district_id=6&month=2025-09&tab_type=nuoma
Kaunas,6,2025-10,585,403,asking_offer,Aruodas.lt,https://m.aruodas.lt/tendencijos/?district_id=6&month=2025-10&tab_type=nuoma
Kaunas,6,2025-11,587,394,asking_offer,Aruodas.lt,https://m.aruodas.lt/tendencijos/?district_id=6&month=2025-11&tab_type=nuoma
Kaunas,6,2025-12,566,379,asking_offer,Aruodas.lt,https://m.aruodas.lt/tendencijos/?district_id=6&month=2025-12&tab_type=nuoma
Klaipėda,7,2025-01,122404,115049,asking_offer,Aruodas.lt,https://m.aruodas.lt/tendencijos/?district_id=7&month=2025-01&tab_type=nuoma
Klaipėda,7,2025-02,122404,115049,asking_offer,Aruodas.lt,https://m.aruodas.lt/tendencijos/?district_id=7&month=2025-02&tab_type=nuoma
Klaipėda,7,2025-03,122404,115049,asking_offer,Aruodas.lt,https://m.aruodas.lt/tendencijos/?district_id=7&month=2025-03&tab_type=nuoma
Klaipėda,7,2025-04,122404,115049,asking_offer,Aruodas.lt,https://m.aruodas.lt/tendencijos/?district_id=7&month=2025-04&tab_type=nuoma
Klaipėda,7,2025-05,122404,115049,asking_offer,Aruodas.lt,https://m.aruodas.lt/tendencijos/?district_id=7&month=2025-05&tab_type=nuoma
Klaipėda,7,2025-06,122404,115049,asking_offer,Aruodas.lt,https://m.aruodas.lt/tendencijos/?district_id=7&month=2025-06&tab_type=nuoma
Klaipėda,7,2025-07,122404,115049,asking_offer,Aruodas.lt,https://m.aruodas.lt/tendencijos/?district_id=7&month=2025-07&tab_type=nuoma
Klaipėda,7,2025-08,122404,115049,asking_offer,Aruodas.lt,https://m.aruodas.lt/tendencijos/?district_id=7&month=2025-08&tab_type=nuoma
Klaipėda,7,2025-09,122404,115049,asking_offer,Aruodas.lt,https://m.aruodas.lt/tendencijos/?district_id=7&month=2025-09&tab_type=nuoma
Klaipėda,7,2025-10,525,364,asking_offer,Aruodas.lt,https://m.aruodas.lt/tendencijos/?district_id=7&month=2025-10&tab_type=nuoma
Klaipėda,7,2025-11,531,365,asking_offer,Aruodas.lt,https://m.aruodas.lt/tendencijos/?district_id=7&month=2025-11&tab_type=nuoma
Klaipėda,7,2025-12,529,371,asking_offer,Aruodas.lt,https://m.aruodas.lt/tendencijos/?district_id=7&month=2025-12&tab_type=nuoma
