municipality,county,insured_thousand,gross_all,gross_25_30_model,net_25_30_model
Akmenės r. sav.,Šiaulių,7.1,1864,1948.4,1239.0
Alytaus m. sav.,Alytaus,20.5,1946,2034.1,1282.4
Alytaus r. sav.,Alytaus,10.1,1922,2009.0,1269.7
Anykščių r. sav.,Utenos,8.4,1850,1933.8,1231.5
Birštono sav.,Kauno,1.8,2089,2183.6,1358.2
Biržų r. sav.,Panevėžio,7.8,1759,1838.7,1183.3
Druskininkų sav.,Alytaus,8.8,1871,1955.7,1242.7
Elektrėnų sav.,Vilniaus,13.6,2009,2100.0,1315.8
Ignalinos r. sav.,Utenos,5.1,1981,2070.7,1301.0
Jonavos r. sav.,Kauno,17.6,2039,2131.3,1331.7
Joniškio r. sav.,Šiaulių,7.6,1841,1924.4,1226.8
Jurbarko r. sav.,Tauragės,10.8,1758,1837.6,1182.8
Kaišiadorių r. sav.,Kauno,11.8,2028,2119.8,1325.9
Kalvarijos sav.,Marijampolės,3.8,1709,1786.4,1156.8
Kauno m. sav.,Kauno,140.6,2435,2545.3,1551.4
Kauno r. sav.,Kauno,56.6,2426,2535.9,1546.0
Kazlų Rūdos sav.,Marijampolės,4.6,1820,1902.4,1215.6
Kelmės r. sav.,Šiaulių,8.3,1785,1865.8,1197.1
Klaipėdos m. sav.,Klaipėdos,74.0,2193,2292.3,1413.3
Klaipėdos r. sav.,Klaipėdos,36.2,2254,2356.1,1445.7
Kretingos r. sav.,Klaipėdos,15.8,1914,2000.7,1265.5
Kupiškio r. sav.,Panevėžio,5.9,1774,1854.3,1191.3
Kėdainių r. sav.,Kauno,19.2,1949,2037.3,1284.0
Lazdijų r. sav.,Alytaus,6.4,1853,1936.9,1233.1
Marijampolės sav.,Marijampolės,23.1,1919,2005.9,1268.1
Mažeikių sav.,Telšių,22.7,2067,2160.6,1346.5
Molėtų r. sav.,Utenos,6.9,2000,2090.6,1311.0
Neringos sav.,Klaipėdos,3.0,3571,3732.7,2258.3
Pagėgių sav.,Tauragės,2.6,1761,1840.7,1184.4
Pakruojo r. sav.,Šiaulių,6.8,1839,1922.3,1225.7
Palangos m. sav.,Klaipėdos,8.2,2405,2513.9,1533.5
Panevėžio m. sav.,Panevėžio,36.9,1994,2084.3,1307.9
Panevėžio r. sav.,Panevėžio,15.6,1946,2034.1,1282.4
Pasvalio r. sav.,Panevėžio,8.6,1849,1932.7,1231.0
Plungės r. sav.,Telšių,13.5,1951,2039.4,1285.1
Prienų r. sav.,Kauno,10.2,1902,1988.1,1259.1
Radviliškio r. sav.,Šiaulių,13.7,1846,1929.6,1229.4
Raseinių r. sav.,Kauno,11.2,1830,1912.9,1220.9
Rietavo sav.,Telšių,2.8,1833,1916.0,1222.5
Rokiškio r. sav.,Panevėžio,10.4,1878,1963.0,1246.4
Skuodo r. sav.,Klaipėdos,5.4,1804,1885.7,1207.2
Tauragės r. sav.,Tauragės,15.6,1856,1940.0,1234.7
Telšių r. sav.,Telšių,15.1,1847,1930.6,1230.0
Trakų r. sav.,Vilniaus,18.5,2160,2257.8,1395.8
Ukmergės r. sav.,Vilniaus,15.5,1867,1951.5,1240.6
Utenos r. sav.,Utenos,17.1,1971,2060.3,1295.7
Varėnos r. sav.,Alytaus,8.0,1901,1987.1,1258.6
Vilkaviškio r. sav.,Marijampolės,12.2,1794,1875.2,1201.9
Vilniaus m. sav.,Vilniaus,309.9,2807,2934.1,1775.1
Vilniaus r. sav.,Vilniaus,58.6,2430,2540.0,1548.4
Visagino sav.,Utenos,7.4,1902,1988.1,1259.1
Zarasų r. sav.,Utenos,5.3,1885,1970.4,1250.1
Šakių r. sav.,Marijampolės,10.0,1859,1943.2,1236.3
Šalčininkų r. sav.,Vilniaus,14.4,1798,1879.4,1204.0
Šiaulių m. sav.,Šiaulių,56.7,1904,1990.2,1260.2
Šiaulių r. sav.,Šiaulių,17.4,1988,2078.0,1304.7
Šilalės r. sav.,Tauragės,7.6,1805,1886.7,1207.7
Šilutės r. sav.,Klaipėdos,14.9,1820,1902.4,1215.6
Širvintų r. sav.,Vilniaus,6.6,2010,2101.0,1316.3
Švenčionių r. sav.,Vilniaus,9.4,1868,1952.6,1241.1
