city,county,updated_date,monthly_rent_eur,area_m2,eur_m2,rooms,source,source_url,status,notes
Marijampolė,Marijampolės,2025-02-15,350,34,10.29,1,Skelbiu.lt,https://www.skelbiu.lt/skelbimai/modernaus-1-kambario-buto-nuoma-centre-78346541.html,usable,long-term self-contained
Marijampolė,Marijampolės,2025-06-20,250,30,8.33,1,Skelbiu.lt,https://www.skelbiu.lt/skelbimai/1-kambario-butas-79545938.html,usable,self-contained
Marijampolė,Marijampolės,2025-07-22,350,30,11.67,1,Skelbiu.lt,https://www.skelbiu.lt/skelbimai/isnuomojamas-vieno-kambario-butas-71927494.html,usable,self-contained
Marijampolė,Marijampolės,2025-07-28,300,36.62,8.19,1,Skelbiu.lt,https://www.skelbiu.lt/skelbimai/isnuomojamas-1-kambario-butas-marijampoleje-80789105.html,usable,long-term self-contained
Marijampolė,Marijampolės,2025-08-19,330,22.78,14.49,1,Skelbiu.lt,https://www.skelbiu.lt/skelbimai/naujai-irengto-1-k-buto-nuoma-marijampoleje-70048359.html,usable,long-term self-contained
Marijampolė,Marijampolės,2025-11-29,190,37,5.14,1,Skelbiu.lt,https://www.skelbiu.lt/skelbimai/isnuomojamas-1-kambario-butas-82122518.html,usable,long-term self-contained
Marijampolė,Marijampolės,2025-12-22,260,33,7.88,1,Skelbiu.lt,https://www.skelbiu.lt/skelbimai/vieno-kambario-butas-ne-bendrabutis-82169434.html,usable,explicitly not dormitory
Alytus,Alytaus,2025-07-29,300,36,8.33,1,Skelbiu.lt,https://www.skelbiu.lt/skelbimai/nuomojamas-1-o-kambario-butas-alytuje-79337552.html,usable,long-term self-contained
Alytus,Alytaus,2025-08-05,200,28.33,7.06,1,Skelbiu.lt,https://www.skelbiu.lt/skelbimai/isnuomojamas-1-kambario-butas-80197875.html,usable,self-contained
Alytus,Alytaus,2025-09-03,300,30,10.00,1,Skelbiu.lt,https://www.skelbiu.lt/skelbimai/isnuomojamas-1-kambario-butas-alytuje-81313543.html,usable,long-term self-contained
Alytus,Alytaus,2025-09-15,280,34,8.24,1,Skelbiu.lt,https://www.skelbiu.lt/skelbimai/nuomojamas-1-kambario-butas-alytuje-81465715.html,usable,self-contained
Alytus,Alytaus,2025-09-24,290,40,7.25,1,Skelbiu.lt,https://www.skelbiu.lt/skelbimai/nuomojamas-1-kambario-butas-81001515.html,usable,structured header used; description mentions 300 EUR and 41 m2
Alytus,Alytaus,2025-10-17,280,34,8.24,1,Skelbiu.lt,https://www.skelbiu.lt/skelbimai/nuomojamas-1-kambario-butas-81800556.html,usable,long-term self-contained
Utena,Utenos,2025-10-08,250,42,5.95,1,Skelbiu.lt,https://www.skelbiu.lt/skelbimai/nuomojamas-butas-81763782.html,usable,self-contained
Utena,Utenos,2025-12-17,280,36,7.78,1,Skelbiu.lt,https://www.skelbiu.lt/skelbimai/isnuomojamas-1-kamb-butas-82590925.html,usable,self-contained
Tauragė,Tauragės,2025-12-19,250,40,6.25,1,Skelbiu.lt,https://www.skelbiu.lt/skelbimai/isnuomojamas-1-kambario-butas-82777379.html,usable,long-term self-contained
Telšiai,Telšių,2025-04-24,230,20,11.50,1,Skelbiu.lt,https://www.skelbiu.lt/skelbimai/mascio-g-32-naujai-irengtas-butas-ilgam-trumpam-78681730.html,usable,advertised for long or short term
Telšiai,Telšių,2025-12-03,250,36,6.94,1,Skelbiu.lt,https://www.skelbiu.lt/skelbimai/isnuomoju-1-kambario-buta-80841797.html,usable,long-term self-contained
Utena,Utenos,2025-03-09,200,35,5.71,1,Skelbiu.lt,https://www.skelbiu.lt/skelbimai/1-kambario-buto-nuoma-nuo-balandzio-1-d-47048629.html,usable,self-contained
Utena,Utenos,2025-03-11,200,42,4.76,1,Skelbiu.lt,https://www.skelbiu.lt/skelbimai/buto-nuoma-78702615.html,usable,self-contained
Tauragė,Tauragės,2025-05-07,350,35.20,9.94,1,Skelbiu.lt,https://www.skelbiu.lt/skelbimai/1k-butas-name-79592852.html,usable,one-room apartment in three-apartment house
Telšiai,Telšių,2025-02-17,300,39,7.69,1,Skelbiu.lt,https://www.skelbiu.lt/skelbimai/isnuomojamas-1-kambario-39kw-butas-77886363.html,usable,explicit long-term self-contained
Telšiai,Telšių,2025-08-01,360,37,9.73,1,Skelbiu.lt,https://www.skelbiu.lt/skelbimai/nuomojamas-butas-renovuotame-name-80855399.html,usable,self-contained apartment; no short-term signal
Anykščiai,Utenos,2025-11-24,260,29,8.97,1,Skelbiu.lt,https://www.skelbiu.lt/skelbimai/isnuomoju-1-kamb-buta-anyksciuose-82252854.html,usable,self-contained apartment; 2025 expired listing
Anykščiai,Utenos,2025-09-16,280,35,8.00,1,Skelbiu.lt,https://www.skelbiu.lt/skelbimai/isnuomuojamas-1-kamb-butas-renovuotame-name-81469963.html,usable,self-contained apartment in renovated house; 2025 expired listing
Plungė,Telšių,2025-09-08,240,30,8.00,1,Skelbiu.lt,https://www.skelbiu.lt/skelbimai/1-kambario-butas-81367275.html,usable,explicit long-term self-contained apartment
Plungė,Telšių,2025-12-09,300,35,8.57,1,Skelbiu.lt,https://www.skelbiu.lt/skelbimai/1-kamb-butas-nuomai-plungeje-prie-maximos-80685029.html,usable,explicit long-term self-contained apartment
Šiauliai,Šiaulių,2025-09-01,250,30,8.33,1,Skelbiu.lt,https://www.skelbiu.lt/skelbimai/isnuomojamas-1-kambario-butas-80870761.html,usable,explicit one-year-or-longer rental term; self-contained apartment
Šiauliai,Šiaulių,2025-12-21,200,30,6.67,1,Skelbiu.lt,https://www.skelbiu.lt/skelbimai/isnuomojamas-1-kambario-butas-82631777.html,usable,self-contained apartment; no short-term-only signal
Klaipėda,Klaipėdos,2025-08-17,300,36,8.33,1,Skelbiu.lt,https://www.skelbiu.lt/skelbimai/isnuomojamas-1-kambario-butas-81065905.html,usable,self-contained apartment; no short-term-only signal
Klaipėda,Klaipėdos,2025-10-01,300,36,8.33,1,Skelbiu.lt,https://www.skelbiu.lt/skelbimai/isnuomojamas-1-kambario-butas-81687900.html,usable,self-contained apartment; monthly rent and deposit; no short-term-only signal
Klaipėda,Klaipėdos,2025-11-06,380,35,10.86,1,Skelbiu.lt,https://www.skelbiu.lt/skelbimai/isnuomojamas-1-kambario-butas-parkingas-81134337.html,usable,12-plus-month long-term price used; shorter terms explicitly priced higher
Klaipėda,Klaipėdos,2025-10-08,350,34,10.29,1,Skelbiu.lt,https://www.skelbiu.lt/skelbimai/1-kambario-buto-nuoma-renovuotame-name-73655675.html,usable,explicit long-term self-contained apartment
Vilnius,Vilniaus,2025-02-07,400,25,16.00,1,Skelbiu.lt,https://www.skelbiu.lt/skelbimai/nuomojamas-1-kambario-butas-70046679.html,usable,self-contained apartment; no short-term-only signal
Mažeikiai,Telšių,2025-10-03,300,36.63,8.19,1,Skelbiu.lt,https://www.skelbiu.lt/skelbimai/buto-nuoma-mazeikiai-81349581.html,usable,self-contained apartment; no short-term-only signal
Mažeikiai,Telšių,2025-11-26,250,36,6.94,1,Skelbiu.lt,https://www.skelbiu.lt/skelbimai/nuomojamas-1-kambariu-butas-renovuotame-name-82476465.html,usable,explicit long-term self-contained apartment
Klaipėda,Klaipėdos,2025-12-11,350,38,9.21,1,Skelbiu.lt,https://www.skelbiu.lt/skelbimai/nuomoju-1-kambario-buta-tik-ilgalaike-nuoma-82323098.html,usable,explicit long-term only self-contained apartment
Klaipėda,Klaipėdos,2025-11-17,340,29,11.72,1,Skelbiu.lt,https://www.skelbiu.lt/skelbimai/1-kambario-buto-nuoma-ilgalaike-82229366.html,usable,explicit 12-month long-term self-contained apartment
Kaunas,Kauno,2025-11-01,400,33,12.12,1,Skelbiu.lt,https://www.skelbiu.lt/skelbimai/nuomojamas-1-kambario-butas-82103772.html,usable,self-contained apartment; no short-term-only signal
Kaunas,Kauno,2025-09-18,350,35,10.00,1,Skelbiu.lt,https://www.skelbiu.lt/skelbimai/nuomojamas-butas-81510123.html,usable,explicit long-term self-contained apartment
Kaunas,Kauno,2025-11-10,300,32,9.38,1,Skelbiu.lt,https://www.skelbiu.lt/skelbimai/nuomojamas-1-kambario-butas-81369029.html,usable,self-contained apartment; probable duplicate/relist 81804224 excluded
Kaunas,Kauno,2025-07-31,320,28,11.43,1,Skelbiu.lt,https://www.skelbiu.lt/skelbimai/nuomojamas-1-kambario-butas-80841439.html,usable,self-contained apartment; no short-term-only signal
Kaunas,Kauno,2025-08-13,420,35.40,11.86,1,Skelbiu.lt,https://www.skelbiu.lt/skelbimai/1-kambario-butas-nuomai-kaune-81028303.html,usable,self-contained apartment; no short-term-only signal
Kaunas,Kauno,2025-08-16,380,32,11.88,1,Skelbiu.lt,https://www.skelbiu.lt/skelbimai/nuomojamas-1-kambario-butas-80669745.html,usable,self-contained apartment; no short-term-only signal
Kaunas,Kauno,2025-08-18,350,24,14.58,1,Skelbiu.lt,https://www.skelbiu.lt/skelbimai/nuoma-81034485.html,usable,explicit minimum one-year rental term; self-contained apartment
Kaunas,Kauno,2025-08-19,350,35,10.00,1,Skelbiu.lt,https://www.skelbiu.lt/skelbimai/nuoma-1-kambario-81099091.html,usable,self-contained apartment; no short-term-only signal
Kaunas,Kauno,2025-02-10,350,28,12.50,1,Skelbiu.lt,https://www.skelbiu.lt/skelbimai/nuomuojamas-1-kambario-butas-kaune-75972113.html,usable,self-contained apartment; private WC and shower
Kaunas,Kauno,2025-08-20,330,20,16.50,1,Skelbiu.lt,https://www.skelbiu.lt/skelbimai/1-kamb-buto-nuoma-centras-kaunas-81027117.html,usable,explicit one-year self-contained studio apartment
Kaunas,Kauno,2025-05-20,420,35,12.00,1,Skelbiu.lt,https://www.skelbiu.lt/skelbimai/1-kambario-buto-nuoma-75820702.html,usable,self-contained apartment; no short-term-only signal
Kaunas,Kauno,2025-03-25,350,18,19.44,1,Skelbiu.lt,https://www.skelbiu.lt/skelbimai/nuomojamas-butas-78916001.html,usable,explicit long-term self-contained apartment
Kaunas,Kauno,2025-08-21,400,27,14.81,1,Skelbiu.lt,https://www.skelbiu.lt/skelbimai/nuomuojamas-vieno-kambario-butas-81094709.html,usable,self-contained apartment; no short-term-only signal
Panevėžys,Panevėžio,2025-11-18,230,36,6.39,1,Skelbiu.lt,https://www.skelbiu.lt/skelbimai/nuomojamas-butas-82363145.html,usable,self-contained apartment; no short-term-only signal
Panevėžys,Panevėžio,2025-10-15,330,37,8.92,1,Skelbiu.lt,https://www.skelbiu.lt/skelbimai/nuomojamas-butas-77023927.html,usable,explicit at-least-one-year self-contained apartment
Panevėžys,Panevėžio,2025-09-07,350,35,10.00,1,Skelbiu.lt,https://www.skelbiu.lt/skelbimai/nuomuojamas-1-kambario-butas-panevezyje-81265721.html,usable,self-contained apartment; no short-term-only signal
Panevėžys,Panevėžio,2025-10-08,200,29,6.90,1,Skelbiu.lt,https://www.skelbiu.lt/skelbimai/nuomojamas-1-kambario-butas-81808676.html,usable,self-contained apartment; no short-term-only signal
Panevėžys,Panevėžio,2025-11-10,250,36,6.94,1,Skelbiu.lt,https://www.skelbiu.lt/skelbimai/nuomojamas-1-k-butas-projektuotoju-g-75967409.html,usable,self-contained apartment; no short-term-only signal
