municipality,county,year,bi_1,smart_continent_generic_housing_eur_m2,smart_continent_net_wage_eur_month,generic_price_to_monthly_net_ratio,generic_price_to_annual_net_ratio,status
Akmenės r. sav.,Šiaulių,2024,0.1326404259151656,159.7919211,1204.7,0.1326404259151656,0.011053368826263798,diagnostic_only
Alytaus m. sav.,Alytaus,2024,0.5014768207147697,592.1438299,1180.8,0.5014768207147697,0.04178973505956414,diagnostic_only
Alytaus r. sav.,Alytaus,2024,0.24775684573074908,283.7806911,1145.4,0.24775684573074908,0.020646403810895757,diagnostic_only
Anykščių r. sav.,Utenos,2024,0.2813830748154079,316.3027144,1124.1,0.2813830748154079,0.02344858956795066,diagnostic_only
Birštono sav.,Kauno,2024,1.1073883659080765,1240.828664,1120.5,1.1073883659080765,0.09228236382567305,diagnostic_only
Biržų r. sav.,Panevėžio,2024,0.22959463489602333,251.7275577,1096.4,0.22959463489602333,0.019132886241335276,diagnostic_only
Druskininkų sav.,Alytaus,2024,0.5503383290419959,619.84606,1126.3,0.5503383290419959,0.04586152742016633,diagnostic_only
Elektrėnų sav.,Vilniaus,2024,0.5074368059207872,629.0694083,1239.7,0.5074368059207872,0.042286400493398935,diagnostic_only
Ignalinos r. sav.,Utenos,2024,0.15403091470506786,166.8616899,1083.3,0.15403091470506786,0.012835909558755654,diagnostic_only
Jonavos r. sav.,Kauno,2024,0.35107583747142745,445.409915,1268.7,0.35107583747142745,0.02925631978928562,diagnostic_only
Joniškio r. sav.,Šiaulių,2024,0.15476522553627897,181.0907904,1170.1,0.15476522553627897,0.012897102128023247,diagnostic_only
Jurbarko r. sav.,Tauragės,2024,0.16449185724282717,188.0470912,1143.2,0.16449185724282717,0.013707654770235595,diagnostic_only
Kaišiadorių r. sav.,Kauno,2024,0.33124896361267914,381.4331816,1151.5,0.33124896361267914,0.027604080301056592,diagnostic_only
Kalvarijos sav.,Marijampolės,2024,0.16166236371915127,177.5214416,1098.1,0.16166236371915127,0.013471863643262607,diagnostic_only
Kauno m. sav.,Kauno,2024,0.6967848042717087,995.0087005,1428,0.6967848042717087,0.058065400355975724,diagnostic_only
Kauno r. sav.,Kauno,2024,0.6628990297666935,906.3818434,1367.3,0.6628990297666935,0.055241585813891124,diagnostic_only
Kazlų Rūdos sav.,Marijampolės,2024,0.2800364810579609,320.8097927,1145.6,0.2800364810579609,0.023336373421496744,diagnostic_only
Kėdainių r. sav.,Kauno,2024,0.27063875489040773,344.4960711,1272.9,0.27063875489040773,0.022553229574200643,diagnostic_only
Kelmės r. sav.,Šiaulių,2024,0.21677746168854206,244.4382658,1127.6,0.21677746168854206,0.018064788474045173,diagnostic_only
Klaipėdos m. sav.,Klaipėdos,2024,0.7476164041221935,1015.636885,1358.5,0.7476164041221935,0.0623013670101828,diagnostic_only
Klaipėdos r. sav.,Klaipėdos,2024,0.7207403442819468,901.8623928,1251.3,0.7207403442819468,0.0600616953568289,diagnostic_only
Kretingos r. sav.,Klaipėdos,2024,0.45036800961800205,496.3505834,1102.1,0.45036800961800205,0.037530667468166835,diagnostic_only
Kupiškio r. sav.,Panevėžio,2024,0.15219486788216274,169.4537659,1113.4,0.15219486788216274,0.012682905656846894,diagnostic_only
Lazdijų r. sav.,Alytaus,2024,0.23189369505287008,245.6218018,1059.2,0.23189369505287008,0.01932447458773917,diagnostic_only
Marijampolės sav.,Marijampolės,2024,0.39699088415356,469.4814196,1182.6,0.39699088415356,0.03308257367946333,diagnostic_only
Mažeikių r. sav.,Telšių,2024,0.30242895970465794,385.0223086,1273.1,0.30242895970465794,0.025202413308721493,diagnostic_only
Molėtų r. sav.,Utenos,2024,0.5345195538332244,572.4169902,1070.9,0.5345195538332244,0.0445432961527687,diagnostic_only
Neringos sav.,Klaipėdos,2024,3.4111047244767194,3992.69808,1170.5,3.4111047244767194,0.2842587270397266,diagnostic_only
Pagėgių sav.,Tauragės,2024,0.12192997260728812,146.889038,1204.7,0.12192997260728812,0.010160831050607342,diagnostic_only
Pakruojo r. sav.,Šiaulių,2024,0.205401318061089,247.467508,1204.8,0.205401318061089,0.01711677650509075,diagnostic_only
Palangos m. sav.,Klaipėdos,2024,1.4637780263274927,1645.725635,1124.3,1.4637780263274927,0.12198150219395773,diagnostic_only
Panevėžio m. sav.,Panevėžio,2024,0.4705382758344031,586.478907,1246.4,0.4705382758344031,0.03921152298620026,diagnostic_only
Panevėžio r. sav.,Panevėžio,2024,0.298687017366649,337.0981678,1128.6,0.298687017366649,0.02489058478055408,diagnostic_only
Pasvalio r. sav.,Panevėžio,2024,0.20097731485130776,224.3710743,1116.4,0.20097731485130776,0.016748109570942315,diagnostic_only
Plungės r. sav.,Telšių,2024,0.37245183370197427,454.6519534,1220.7,0.37245183370197427,0.031037652808497854,diagnostic_only
Prienų r. sav.,Kauno,2024,0.41706586505494503,474.4124215,1137.5,0.41706586505494503,0.034755488754578755,diagnostic_only
Radviliškio r. sav.,Šiaulių,2024,0.21336270028637908,238.4114813,1117.4,0.21336270028637908,0.017780225023864924,diagnostic_only
Raseinių r. sav.,Kauno,2024,0.35577718219589816,402.4551485,1131.2,0.35577718219589816,0.029648098516324845,diagnostic_only
Rietavo sav.,Telšių,2024,0.28709392070217915,331.9954099,1156.4,0.28709392070217915,0.023924493391848264,diagnostic_only
Rokiškio r. sav.,Panevėžio,2024,0.16021955287166564,184.3966834,1150.9,0.16021955287166564,0.013351629405972136,diagnostic_only
Šakių r. sav.,Marijampolės,2024,0.19987718251152892,225.381511,1127.6,0.19987718251152892,0.016656431875960744,diagnostic_only
Šalčininkų r. sav.,Vilniaus,2024,0.47045005010834245,521.0704755,1107.6,0.47045005010834245,0.03920417084236187,diagnostic_only
Šiaulių m. sav.,Šiaulių,2024,0.6025990689798982,722.4560238,1198.9,0.6025990689798982,0.050216589081658186,diagnostic_only
Šiaulių r. sav.,Šiaulių,2024,0.4095487934405831,460.7833475,1125.1,0.4095487934405831,0.03412906612004859,diagnostic_only
Šilalės r. sav.,Tauragės,2024,0.26173551247860166,290.5002453,1109.9,0.26173551247860166,0.02181129270655014,diagnostic_only
Šilutės r. sav.,Klaipėdos,2024,0.3728917576275763,414.3200319,1111.1,0.3728917576275763,0.03107431313563136,diagnostic_only
Širvintų r. sav.,Vilniaus,2024,0.4471118204796411,518.2920223,1159.2,0.4471118204796411,0.03725931837330342,diagnostic_only
Skuodo r. sav.,Klaipėdos,2024,0.19292482012057952,214.3973526,1111.3,0.19292482012057952,0.01607706834338163,diagnostic_only
Švenčionių r. sav.,Vilniaus,2024,0.25534731493536256,278.5073164,1090.7,0.25534731493536256,0.021278942911280213,diagnostic_only
Tauragės r. sav.,Tauragės,2024,0.2774819788347015,344.7991069,1242.6,0.2774819788347015,0.023123498236225122,diagnostic_only
Telšių r. sav.,Telšių,2024,0.3176010714345673,378.3581564,1191.3,0.3176010714345673,0.02646675595288061,diagnostic_only
Trakų r. sav.,Vilniaus,2024,0.6328610664074413,830.0605747,1311.6,0.6328610664074413,0.05273842220062011,diagnostic_only
Ukmergės r. sav.,Vilniaus,2024,0.3475345623369849,399.7342536,1150.2,0.3475345623369849,0.028961213528082067,diagnostic_only
Utenos r. sav.,Utenos,2024,0.4317947280229033,512.799419,1187.6,0.4317947280229033,0.03598289400190861,diagnostic_only
Varėnos r. sav.,Alytaus,2024,0.29519998917098916,324.3952681,1098.9,0.29519998917098916,0.02459999909758243,diagnostic_only
Vilkaviškio r. sav.,Marijampolės,2024,0.18443718489392832,201.7005054,1093.6,0.18443718489392832,0.015369765407827361,diagnostic_only
Vilniaus m. sav.,Vilniaus,2024,1.1337962801526225,1753.189188,1546.3,1.1337962801526225,0.09448302334605188,diagnostic_only
Vilniaus r. sav.,Vilniaus,2024,2.0152096286052945,2550.247785,1265.5,2.0152096286052945,0.16793413571710786,diagnostic_only
Visagino sav.,Utenos,2024,0.2459533537477148,295.9802659,1203.4,0.2459533537477148,0.020496112812309567,diagnostic_only
Zarasų r. sav.,Utenos,2024,0.2112935100460649,215.5827683,1020.3,0.2112935100460649,0.017607792503838742,diagnostic_only
