county,period,calendar_years_observed,grid_rows,transactions,objects,weighted_mean_eur_m2,weighted_grid_p50_mean_eur_m2,weighted_grid_p50_median_eur_m2,latest_year,quality
Vilniaus,2022-2024,2022;2023;2024,117,259,247,1881.42,1761.26,1727,2024,A
Kauno,2022-2024,2022;2023;2024,113,385,341,994.02,953.76,991,2024,A
Klaipėdos,2022-2024,2022;2023;2024,18,25,23,911.67,867.70,937,2024,B
Šiaulių,2022-2024,2022;2023;2024,74,464,421,496.34,458.82,483,2024,A
Panevėžio,2022-2024,2022;2023;2024,68,329,300,490.35,451.56,431,2024,A
Alytaus,2022-2024,2022;2023;2024,54,188,180,355.89,327.55,231,2024,A
Marijampolės,2022-2024,2022;2023;2024,13,89,86,727.67,664.63,741,2024,B
Utenos,2022-2024,2022;2023;2024,19,63,59,1121.29,365.98,302,2024,B-OUTLIER_GUARDED
Telšių,2022-2024,2022;2023,4,5,5,106.40,104.00,96,2023,C-SPARSE
Tauragės,2022-2024,,0,0,0,,,,2021,NO_RECENT_DATA
