county,model_net_25_30_eur_month,pair_net_income_eur_month,rent_month_median_eur,sample_n,quality,generic_housing_2024_eur_m2_weighted,generic_housing_transactions_2024,sale_price_proxy_2025_eur_m2,m2_per_year_after_rent,m2_after_rent_sensitivity_low,m2_after_rent_sensitivity_high,m2_per_year_without_rent,rent_burden_pct_pair_net_income,pair_net_income_months_per_one_m2,income_status,sale_status,rent_status,value_status,needs_refinement,localities_n,localities
Tauragės,1210.2,2420.4,300.0,2,insufficient,265.42,946,464.68,54.76,47.42,59.75,62.5,12.39,0.19,MODELLED_B,PRELIMINARY_MODELLED_PROXY,PRELIMINARY_LOW_N,PRELIMINARY_V0.1_TO_BE_REFINED,True,1,Tauragė
Marijampolės,1234.8,2469.6,300.0,7,C,322.83,1426,565.2,46.06,39.63,50.71,52.43,12.15,0.23,MODELLED_B,PRELIMINARY_MODELLED_PROXY,PRELIMINARY_SAMPLE,PRELIMINARY_V0.1_TO_BE_REFINED,True,1,Marijampolė
Utenos,1277.4,2554.8,255.0,6,C,358.64,1389,627.89,43.95,38.19,48.28,48.83,9.98,0.25,MODELLED_B,PRELIMINARY_MODELLED_PROXY,PRELIMINARY_SAMPLE,PRELIMINARY_V0.1_TO_BE_REFINED,True,2,Anykščiai | Utena
Panevėžio,1268.5,2537.0,250.0,5,C,382.1,2526,668.95,41.03,34.7,44.63,45.51,9.85,0.26,MODELLED_B,PRELIMINARY_MODELLED_PROXY,PRELIMINARY_SAMPLE,PRELIMINARY_V0.1_TO_BE_REFINED,True,1,Panevėžys
Telšių,1292.2,2584.4,275.0,8,C,397.36,1400,695.67,39.84,34.53,43.47,44.58,10.64,0.27,MODELLED_B,PRELIMINARY_MODELLED_PROXY,PRELIMINARY_SAMPLE,PRELIMINARY_V0.1_TO_BE_REFINED,True,3,Mažeikiai | Plungė | Telšiai
Šiaulių,1253.3,2506.6,250.0,13,B,453.78,3435,794.45,34.09,29.61,37.25,37.86,9.97,0.32,MODELLED_B,PRELIMINARY_MODELLED_PROXY,PRELIMINARY_SAMPLE,PRELIMINARY_V0.1_TO_BE_REFINED,True,1,Šiauliai
Alytaus,1264.1,2528.2,285.0,6,C,455.76,1466,797.91,33.74,29.4,36.47,38.02,11.27,0.32,MODELLED_B,PRELIMINARY_MODELLED_PROXY,PRELIMINARY_SAMPLE,PRELIMINARY_V0.1_TO_BE_REFINED,True,1,Alytus
Kauno,1480.8,2961.6,350.0,13,B,822.82,7734,1440.54,21.76,18.7,23.46,24.67,11.82,0.49,MODELLED_B,PRELIMINARY_MODELLED_PROXY,PRELIMINARY_SAMPLE,PRELIMINARY_V0.1_TO_BE_REFINED,True,1,Kaunas
Klaipėdos,1402.5,2805.0,345.0,6,C,955.64,4966,1673.07,17.64,15.43,19.3,20.12,12.3,0.6,MODELLED_B,PRELIMINARY_MODELLED_PROXY,PRELIMINARY_SAMPLE,PRELIMINARY_V0.1_TO_BE_REFINED,True,1,Klaipėda
Vilniaus,1660.7,3321.4,350.0,10,B,1667.72,11721,2919.75,12.21,10.55,13.17,13.65,10.54,0.88,MODELLED_B,PRELIMINARY_MODELLED_PROXY,PRELIMINARY_SAMPLE,PRELIMINARY_V0.1_TO_BE_REFINED,True,1,Vilnius
