city,deposit_share,years_target,max_nonrent_outgoings_eur_month,required_saving_eur_month
Vilnius,,2,1711.87,889.38
Vilnius,,3,2008.33,592.92
Vilnius,,5,2245.5,355.75
Vilnius,,2,1415.41,1185.84
Vilnius,,3,1810.69,790.56
Vilnius,,5,2126.91,474.34
Kaunas,,2,2065.11,621.14
Kaunas,,3,2272.15,414.1
Kaunas,,5,2437.79,248.46
Kaunas,,2,1858.06,828.19
Kaunas,,3,2134.12,552.13
Kaunas,,5,2354.97,331.28
Klaipėda,,2,2154.32,544.01
Klaipėda,,3,2335.65,362.67
Klaipėda,,5,2480.72,217.6
Klaipėda,,2,1972.98,725.35
Klaipėda,,3,2214.76,483.57
Klaipėda,,5,2408.19,290.14
