sav_pav,apskritis
Akmenės r. sav.,Šiaulių
Alytaus m. sav.,Alytaus
Alytaus r. sav.,Alytaus
Anykščių r. sav.,Utenos
Birštono sav.,Kauno
Biržų r. sav.,Panevėžio
Druskininkų sav.,Alytaus
Elektrėnų sav.,Vilniaus
Ignalinos r. sav.,Utenos
Jonavos r. sav.,Kauno
Joniškio r. sav.,Šiaulių
Jurbarko r. sav.,Tauragės
Kaišiadorių r. sav.,Kauno
Kalvarijos sav.,Marijampolės
Kauno m. sav.,Kauno
Kauno r. sav.,Kauno
Kazlų Rūdos sav.,Marijampolės
Kelmės r. sav.,Šiaulių
Klaipėdos m. sav.,Klaipėdos
Klaipėdos r. sav.,Klaipėdos
Kretingos r. sav.,Klaipėdos
Kupiškio r. sav.,Panevėžio
Kėdainių r. sav.,Kauno
Lazdijų r. sav.,Alytaus
Marijampolės sav.,Marijampolės
Mažeikių r. sav.,Telšių
Molėtų r. sav.,Utenos
Neringos sav.,Klaipėdos
Pagėgių sav.,Tauragės
Pakruojo r. sav.,Šiaulių
Palangos m. sav.,Klaipėdos
Panevėžio m. sav.,Panevėžio
Panevėžio r. sav.,Panevėžio
Pasvalio r. sav.,Panevėžio
Plungės r. sav.,Telšių
Prienų r. sav.,Kauno
Radviliškio r. sav.,Šiaulių
Raseinių r. sav.,Kauno
Rietavo sav.,Telšių
Rokiškio r. sav.,Panevėžio
Skuodo r. sav.,Klaipėdos
Tauragės r. sav.,Tauragės
Telšių r. sav.,Telšių
Trakų r. sav.,Vilniaus
Ukmergės r. sav.,Vilniaus
Utenos r. sav.,Utenos
Varėnos r. sav.,Alytaus
Vilkaviškio r. sav.,Marijampolės
Vilniaus m. sav.,Vilniaus
Vilniaus r. sav.,Vilniaus
Visagino sav.,Utenos
Zarasų r. sav.,Utenos
Šakių r. sav.,Marijampolės
Šalčininkų r. sav.,Vilniaus
Šiaulių m. sav.,Šiaulių
Šiaulių r. sav.,Šiaulių
Šilalės r. sav.,Tauragės
Šilutės r. sav.,Klaipėdos
Širvintų r. sav.,Vilniaus
Švenčionių r. sav.,Vilniaus
