municipality,county,insured_thousand_2025_11,gross_all_eur_2025_11
Akmenės r. sav.,Šiaulių,7.1,1864
Alytaus m. sav.,Alytaus,20.5,1946
Alytaus r. sav.,Alytaus,10.1,1922
Anykščių r. sav.,Utenos,8.4,1850
Birštono sav.,Kauno,1.8,2089
Biržų r. sav.,Panevėžio,7.8,1759
Druskininkų sav.,Alytaus,8.8,1871
Elektrėnų sav.,Vilniaus,13.6,2009
Ignalinos r. sav.,Utenos,5.1,1981
Jonavos r. sav.,Kauno,17.6,2039
Joniškio r. sav.,Šiaulių,7.6,1841
Jurbarko r. sav.,Tauragės,10.8,1758
Kaišiadorių r. sav.,Kauno,11.8,2028
Kalvarijos sav.,Marijampolės,3.8,1709
Kauno m. sav.,Kauno,140.6,2435
Kauno r. sav.,Kauno,56.6,2426
Kazlų Rūdos sav.,Marijampolės,4.6,1820
Kelmės r. sav.,Šiaulių,8.3,1785
Klaipėdos m. sav.,Klaipėdos,74.0,2193
Klaipėdos r. sav.,Klaipėdos,36.2,2254
Kretingos r. sav.,Klaipėdos,15.8,1914
Kupiškio r. sav.,Panevėžio,5.9,1774
Kėdainių r. sav.,Kauno,19.2,1949
Lazdijų r. sav.,Alytaus,6.4,1853
Marijampolės sav.,Marijampolės,23.1,1919
Mažeikių sav.,Telšių,22.7,2067
Molėtų r. sav.,Utenos,6.9,2000
Neringos sav.,Klaipėdos,3.0,3571
Pagėgių sav.,Tauragės,2.6,1761
Pakruojo r. sav.,Šiaulių,6.8,1839
Palangos m. sav.,Klaipėdos,8.2,2405
Panevėžio m. sav.,Panevėžio,36.9,1994
Panevėžio r. sav.,Panevėžio,15.6,1946
Pasvalio r. sav.,Panevėžio,8.6,1849
Plungės r. sav.,Telšių,13.5,1951
Prienų r. sav.,Kauno,10.2,1902
Radviliškio r. sav.,Šiaulių,13.7,1846
Raseinių r. sav.,Kauno,11.2,1830
Rietavo sav.,Telšių,2.8,1833
Rokiškio r. sav.,Panevėžio,10.4,1878
Skuodo r. sav.,Klaipėdos,5.4,1804
Tauragės r. sav.,Tauragės,15.6,1856
Telšių r. sav.,Telšių,15.1,1847
Trakų r. sav.,Vilniaus,18.5,2160
Ukmergės r. sav.,Vilniaus,15.5,1867
Utenos r. sav.,Utenos,17.1,1971
Varėnos r. sav.,Alytaus,8.0,1901
Vilkaviškio r. sav.,Marijampolės,12.2,1794
Vilniaus m. sav.,Vilniaus,309.9,2807
Vilniaus r. sav.,Vilniaus,58.6,2430
Visagino sav.,Utenos,7.4,1902
Zarasų r. sav.,Utenos,5.3,1885
Šakių r. sav.,Marijampolės,10.0,1859
Šalčininkų r. sav.,Vilniaus,14.4,1798
Šiaulių m. sav.,Šiaulių,56.7,1904
Šiaulių r. sav.,Šiaulių,17.4,1988
Šilalės r. sav.,Tauragės,7.6,1805
Šilutės r. sav.,Klaipėdos,14.9,1820
Širvintų r. sav.,Vilniaus,6.6,2010
Švenčionių r. sav.,Vilniaus,9.4,1868
